edge_f1_undir,edge_f1_dir,edge_prec_dir,edge_rec_dir,lag_mae,sign_acc,spurious_rate,scenario,method,repeat,time_s
0.0,0.0,0.0,0.0,,,,S0_null,GETTER_One,0,2.2343099117279053
0.0,0.0,0.0,0.0,,,,S0_null,VAR_Granger,0,0.026424407958984375
0.0,0.0,0.0,0.0,,,,S0_null,TransferEntropy,0,0.21229958534240723
0.0,,,,,,,S0_null,GraphLasso,0,0.1049044132232666
0.0,0.0,0.0,0.0,,,,S0_null,EventXCorr,0,0.007550239562988281
0.0,0.0,0.0,0.0,,,,S0_null,PCMCIPlus,0,0.14475393295288086
0.0,0.0,0.0,0.0,,,,S0_null,GETTER_One,1,0.20452237129211426
0.0,0.0,0.0,0.0,,,,S0_null,VAR_Granger,1,0.022984981536865234
0.0,0.0,0.0,0.0,,,,S0_null,TransferEntropy,1,0.21249794960021973
0.0,,,,,,,S0_null,GraphLasso,1,0.07813310623168945
0.0,0.0,0.0,0.0,,,,S0_null,EventXCorr,1,0.007432222366333008
0.0,0.0,0.0,0.0,,,,S0_null,PCMCIPlus,1,0.1322767734527588
0.0,0.0,0.0,0.0,,,,S0_null,GETTER_One,2,0.20054984092712402
0.0,0.0,0.0,0.0,,,,S0_null,VAR_Granger,2,0.02247142791748047
0.0,0.0,0.0,0.0,,,,S0_null,TransferEntropy,2,0.2136085033416748
0.0,,,,,,,S0_null,GraphLasso,2,0.07650208473205566
0.0,0.0,0.0,0.0,,,,S0_null,EventXCorr,2,0.007582664489746094
0.0,0.0,0.0,0.0,,,,S0_null,PCMCIPlus,2,0.12764406204223633
0.0,0.0,0.0,0.0,,,,S0_null,GETTER_One,3,0.20090818405151367
0.0,0.0,0.0,0.0,,,,S0_null,VAR_Granger,3,0.023031949996948242
0.0,0.0,0.0,0.0,,,,S0_null,TransferEntropy,3,0.20712518692016602
0.0,,,,,,,S0_null,GraphLasso,3,0.0721578598022461
0.0,0.0,0.0,0.0,,,,S0_null,EventXCorr,3,0.007376432418823242
0.0,0.0,0.0,0.0,,,,S0_null,PCMCIPlus,3,0.13784027099609375
0.0,0.0,0.0,0.0,,,,S0_null,GETTER_One,4,0.19939136505126953
0.0,0.0,0.0,0.0,,,,S0_null,VAR_Granger,4,0.02278304100036621
0.0,0.0,0.0,0.0,,,,S0_null,TransferEntropy,4,0.21323561668395996
0.0,,,,,,,S0_null,GraphLasso,4,0.07648944854736328
0.0,0.0,0.0,0.0,,,,S0_null,EventXCorr,4,0.007761240005493164
0.0,0.0,0.0,0.0,,,,S0_null,PCMCIPlus,4,0.12713193893432617
0.0,0.0,0.0,0.0,,,,S0_null,GETTER_One,5,0.20422601699829102
0.0,0.0,0.0,0.0,,,,S0_null,VAR_Granger,5,0.023064851760864258
0.0,0.0,0.0,0.0,,,,S0_null,TransferEntropy,5,0.2067720890045166
0.0,,,,,,,S0_null,GraphLasso,5,0.0837244987487793
0.0,0.0,0.0,0.0,,,,S0_null,EventXCorr,5,0.007512092590332031
0.0,0.0,0.0,0.0,,,,S0_null,PCMCIPlus,5,0.12334895133972168
0.0,0.0,0.0,0.0,,,,S0_null,GETTER_One,6,0.2005143165588379
0.0,0.0,0.0,0.0,,,,S0_null,VAR_Granger,6,0.023068904876708984
0.0,0.0,0.0,0.0,,,,S0_null,TransferEntropy,6,0.20942091941833496
0.0,,,,,,,S0_null,GraphLasso,6,0.07453536987304688
0.0,0.0,0.0,0.0,,,,S0_null,EventXCorr,6,0.009423971176147461
0.0,0.0,0.0,0.0,,,,S0_null,PCMCIPlus,6,0.12351202964782715
0.0,0.0,0.0,0.0,,,,S0_null,GETTER_One,7,0.2050623893737793
0.0,0.0,0.0,0.0,,,,S0_null,VAR_Granger,7,0.0229799747467041
0.0,0.0,0.0,0.0,,,,S0_null,TransferEntropy,7,0.22193098068237305
0.0,,,,,,,S0_null,GraphLasso,7,0.07454943656921387
0.0,0.0,0.0,0.0,,,,S0_null,EventXCorr,7,0.0073664188385009766
0.0,0.0,0.0,0.0,,,,S0_null,PCMCIPlus,7,0.1258103847503662
0.0,0.0,0.0,0.0,,,,S0_null,GETTER_One,8,0.19981145858764648
0.0,0.0,0.0,0.0,,,,S0_null,VAR_Granger,8,0.02242279052734375
0.0,0.0,0.0,0.0,,,,S0_null,TransferEntropy,8,0.21268725395202637
0.0,,,,,,,S0_null,GraphLasso,8,0.08321380615234375
0.0,0.0,0.0,0.0,,,,S0_null,EventXCorr,8,0.007685184478759766
0.0,0.0,0.0,0.0,,,,S0_null,PCMCIPlus,8,0.13541626930236816
0.0,0.0,0.0,0.0,,,,S0_null,GETTER_One,9,0.20215439796447754
0.0,0.0,0.0,0.0,,,,S0_null,VAR_Granger,9,0.022839069366455078
0.0,0.0,0.0,0.0,,,,S0_null,TransferEntropy,9,0.20703387260437012
0.0,,,,,,,S0_null,GraphLasso,9,0.07407784461975098
0.0,0.0,0.0,0.0,,,,S0_null,EventXCorr,9,0.007468223571777344
0.0,0.0,0.0,0.0,,,,S0_null,PCMCIPlus,9,0.10762500762939453
0.0,0.0,0.0,0.0,,,,S0_null,GETTER_One,10,0.2180345058441162
0.0,0.0,0.0,0.0,,,,S0_null,VAR_Granger,10,0.02768087387084961
0.0,0.0,0.0,0.0,,,,S0_null,TransferEntropy,10,0.22454333305358887
0.0,,,,,,,S0_null,GraphLasso,10,0.08474183082580566
0.0,0.0,0.0,0.0,,,,S0_null,EventXCorr,10,0.007454872131347656
0.0,0.0,0.0,0.0,,,,S0_null,PCMCIPlus,10,0.11206555366516113
0.0,0.0,0.0,0.0,,,,S0_null,GETTER_One,11,0.19958281517028809
0.0,0.0,0.0,0.0,,,,S0_null,VAR_Granger,11,0.02307868003845215
0.0,0.0,0.0,0.0,,,,S0_null,TransferEntropy,11,0.208906888961792
0.0,,,,,,,S0_null,GraphLasso,11,0.07704424858093262
0.0,0.0,0.0,0.0,,,,S0_null,EventXCorr,11,0.007827997207641602
0.0,0.0,0.0,0.0,,,,S0_null,PCMCIPlus,11,0.11408853530883789
0.0,0.0,0.0,0.0,,,,S0_null,GETTER_One,12,0.20331072807312012
0.0,0.0,0.0,0.0,,,,S0_null,VAR_Granger,12,0.022614717483520508
0.0,0.0,0.0,0.0,,,,S0_null,TransferEntropy,12,0.20561814308166504
0.0,,,,,,,S0_null,GraphLasso,12,0.07499408721923828
0.0,0.0,0.0,0.0,,,,S0_null,EventXCorr,12,0.007693052291870117
0.0,0.0,0.0,0.0,,,,S0_null,PCMCIPlus,12,0.12490367889404297
0.0,0.0,0.0,0.0,,,,S0_null,GETTER_One,13,0.1969764232635498
0.0,0.0,0.0,0.0,,,,S0_null,VAR_Granger,13,0.02260756492614746
0.0,0.0,0.0,0.0,,,,S0_null,TransferEntropy,13,0.21060442924499512
0.0,,,,,,,S0_null,GraphLasso,13,0.08324432373046875
0.0,0.0,0.0,0.0,,,,S0_null,EventXCorr,13,0.007460832595825195
0.0,0.0,0.0,0.0,,,,S0_null,PCMCIPlus,13,0.13336849212646484
0.0,0.0,0.0,0.0,,,,S0_null,GETTER_One,14,0.2021181583404541
0.0,0.0,0.0,0.0,,,,S0_null,VAR_Granger,14,0.02285456657409668
0.0,0.0,0.0,0.0,,,,S0_null,TransferEntropy,14,0.20673823356628418
0.0,,,,,,,S0_null,GraphLasso,14,0.08665084838867188
0.0,0.0,0.0,0.0,,,,S0_null,EventXCorr,14,0.00905466079711914
0.0,0.0,0.0,0.0,,,,S0_null,PCMCIPlus,14,0.12348699569702148
0.0,0.0,0.0,0.0,,,,S0_null,GETTER_One,15,0.19708538055419922
0.0,0.0,0.0,0.0,,,,S0_null,VAR_Granger,15,0.022544384002685547
0.0,0.0,0.0,0.0,,,,S0_null,TransferEntropy,15,0.20372319221496582
0.0,,,,,,,S0_null,GraphLasso,15,0.07953524589538574
0.0,0.0,0.0,0.0,,,,S0_null,EventXCorr,15,0.007424354553222656
0.0,0.0,0.0,0.0,,,,S0_null,PCMCIPlus,15,0.13024187088012695
0.0,0.0,0.0,0.0,,,,S0_null,GETTER_One,16,0.1993260383605957
0.0,0.0,0.0,0.0,,,,S0_null,VAR_Granger,16,0.02255535125732422
0.0,0.0,0.0,0.0,,,,S0_null,TransferEntropy,16,0.20507407188415527
0.0,,,,,,,S0_null,GraphLasso,16,0.07634997367858887
0.0,0.0,0.0,0.0,,,,S0_null,EventXCorr,16,0.007453203201293945
0.0,0.0,0.0,0.0,,,,S0_null,PCMCIPlus,16,0.12159419059753418
0.0,0.0,0.0,0.0,,,,S0_null,GETTER_One,17,0.2005608081817627
0.0,0.0,0.0,0.0,,,,S0_null,VAR_Granger,17,0.0227203369140625
0.0,0.0,0.0,0.0,,,,S0_null,TransferEntropy,17,0.21452999114990234
0.0,,,,,,,S0_null,GraphLasso,17,0.07735085487365723
0.0,0.0,0.0,0.0,,,,S0_null,EventXCorr,17,0.007401943206787109
0.0,0.0,0.0,0.0,,,,S0_null,PCMCIPlus,17,0.11189103126525879
0.0,0.0,0.0,0.0,,,,S0_null,GETTER_One,18,0.20028162002563477
0.0,0.0,0.0,0.0,,,,S0_null,VAR_Granger,18,0.02312469482421875
0.0,0.0,0.0,0.0,,,,S0_null,TransferEntropy,18,0.20688223838806152
0.0,,,,,,,S0_null,GraphLasso,18,0.08035635948181152
0.0,0.0,0.0,0.0,,,,S0_null,EventXCorr,18,0.007493734359741211
0.0,0.0,0.0,0.0,,,,S0_null,PCMCIPlus,18,0.12934327125549316
0.0,0.0,0.0,0.0,,,,S0_null,GETTER_One,19,0.20200514793395996
0.0,0.0,0.0,0.0,,,,S0_null,VAR_Granger,19,0.02361464500427246
0.0,0.0,0.0,0.0,,,,S0_null,TransferEntropy,19,0.21214747428894043
0.0,,,,,,,S0_null,GraphLasso,19,0.07685995101928711
0.0,0.0,0.0,0.0,,,,S0_null,EventXCorr,19,0.00742340087890625
0.0,0.0,0.0,0.0,,,,S0_null,PCMCIPlus,19,0.1257154941558838
1.0,1.0,1.0,1.0,0.0,1.0,,S1_delayed,GETTER_One,0,0.2001333236694336
0.6666666666666666,0.5,0.3333333333333333,1.0,0.0,1.0,,S1_delayed,VAR_Granger,0,0.02451610565185547
1.0,1.0,1.0,1.0,0.0,,,S1_delayed,TransferEntropy,0,0.21200966835021973
0.5,,,,,,,S1_delayed,GraphLasso,0,0.08307528495788574
1.0,0.0,0.0,0.0,,,,S1_delayed,EventXCorr,0,0.0074236392974853516
0.6666666666666666,0.6666666666666666,0.5,1.0,0.0,1.0,,S1_delayed,PCMCIPlus,0,0.18123149871826172
1.0,1.0,1.0,1.0,0.0,1.0,,S1_delayed,GETTER_One,1,0.20056486129760742
0.5,0.4,0.25,1.0,0.0,1.0,,S1_delayed,VAR_Granger,1,0.02426767349243164
0.6666666666666666,0.5,0.3333333333333333,1.0,0.0,,,S1_delayed,TransferEntropy,1,0.20935702323913574
0.6666666666666666,,,,,,,S1_delayed,GraphLasso,1,0.08382201194763184
1.0,1.0,1.0,1.0,2.0,,,S1_delayed,EventXCorr,1,0.0076100826263427734
1.0,1.0,1.0,1.0,0.0,1.0,,S1_delayed,PCMCIPlus,1,0.1979360580444336
1.0,1.0,1.0,1.0,0.0,1.0,,S1_delayed,GETTER_One,2,0.19800448417663574
0.6666666666666666,0.6666666666666666,0.5,1.0,0.0,1.0,,S1_delayed,VAR_Granger,2,0.023546695709228516
0.6666666666666666,0.5,0.3333333333333333,1.0,0.0,,,S1_delayed,TransferEntropy,2,0.2088174819946289
1.0,,,,,,,S1_delayed,GraphLasso,2,0.08290743827819824
0.0,0.0,0.0,0.0,,,,S1_delayed,EventXCorr,2,0.007471561431884766
1.0,1.0,1.0,1.0,0.0,1.0,,S1_delayed,PCMCIPlus,2,0.14135408401489258
1.0,1.0,1.0,1.0,0.0,1.0,,S1_delayed,GETTER_One,3,0.19845008850097656
0.6666666666666666,0.6666666666666666,0.5,1.0,0.0,1.0,,S1_delayed,VAR_Granger,3,0.027346372604370117
1.0,1.0,1.0,1.0,0.0,,,S1_delayed,TransferEntropy,3,0.24807429313659668
0.6666666666666666,,,,,,,S1_delayed,GraphLasso,3,0.08294129371643066
0.5,0.5,0.3333333333333333,1.0,0.0,,,S1_delayed,EventXCorr,3,0.007474660873413086
0.6666666666666666,0.6666666666666666,0.5,1.0,0.0,1.0,,S1_delayed,PCMCIPlus,3,0.19107675552368164
1.0,1.0,1.0,1.0,0.0,1.0,,S1_delayed,GETTER_One,4,0.2382960319519043
0.6666666666666666,0.5,0.3333333333333333,1.0,0.0,1.0,,S1_delayed,VAR_Granger,4,0.033156633377075195
0.6666666666666666,0.6666666666666666,0.5,1.0,0.0,,,S1_delayed,TransferEntropy,4,0.2591440677642822
0.6666666666666666,,,,,,,S1_delayed,GraphLasso,4,0.08971309661865234
0.6666666666666666,0.6666666666666666,0.5,1.0,1.0,,,S1_delayed,EventXCorr,4,0.007782697677612305
1.0,1.0,1.0,1.0,0.0,1.0,,S1_delayed,PCMCIPlus,4,0.18270373344421387
1.0,1.0,1.0,1.0,0.0,1.0,,S1_delayed,GETTER_One,5,0.19730353355407715
0.6666666666666666,0.6666666666666666,0.5,1.0,0.0,1.0,,S1_delayed,VAR_Granger,5,0.026494741439819336
0.6666666666666666,0.6666666666666666,0.5,1.0,0.0,,,S1_delayed,TransferEntropy,5,0.24336981773376465
1.0,,,,,,,S1_delayed,GraphLasso,5,0.08483386039733887
0.0,0.0,0.0,0.0,,,,S1_delayed,EventXCorr,5,0.007417440414428711
1.0,1.0,1.0,1.0,0.0,1.0,,S1_delayed,PCMCIPlus,5,0.1605379581451416
1.0,1.0,1.0,1.0,0.0,1.0,,S1_delayed,GETTER_One,6,0.20057344436645508
0.6666666666666666,0.6666666666666666,0.5,1.0,0.0,1.0,,S1_delayed,VAR_Granger,6,0.026668787002563477
1.0,1.0,1.0,1.0,0.0,,,S1_delayed,TransferEntropy,6,0.24602222442626953
0.6666666666666666,,,,,,,S1_delayed,GraphLasso,6,0.08384394645690918
1.0,1.0,1.0,1.0,0.0,,,S1_delayed,EventXCorr,6,0.007456541061401367
1.0,1.0,1.0,1.0,0.0,1.0,,S1_delayed,PCMCIPlus,6,0.16059589385986328
1.0,1.0,1.0,1.0,0.0,1.0,,S1_delayed,GETTER_One,7,0.2025749683380127
0.6666666666666666,0.6666666666666666,0.5,1.0,0.0,1.0,,S1_delayed,VAR_Granger,7,0.026679277420043945
0.6666666666666666,0.6666666666666666,0.5,1.0,0.0,,,S1_delayed,TransferEntropy,7,0.2451157569885254
1.0,,,,,,,S1_delayed,GraphLasso,7,0.08281230926513672
1.0,1.0,1.0,1.0,0.0,,,S1_delayed,EventXCorr,7,0.00745391845703125
0.6666666666666666,0.6666666666666666,0.5,1.0,0.0,1.0,,S1_delayed,PCMCIPlus,7,0.19062423706054688
1.0,1.0,1.0,1.0,0.0,1.0,,S1_delayed,GETTER_One,8,0.19978117942810059
0.6666666666666666,0.6666666666666666,0.5,1.0,0.0,1.0,,S1_delayed,VAR_Granger,8,0.02653789520263672
0.6666666666666666,0.5,0.3333333333333333,1.0,0.0,,,S1_delayed,TransferEntropy,8,0.2461850643157959
0.6666666666666666,,,,,,,S1_delayed,GraphLasso,8,0.08552932739257812
1.0,1.0,1.0,1.0,0.0,,,S1_delayed,EventXCorr,8,0.007735013961791992
0.6666666666666666,0.6666666666666666,0.5,1.0,0.0,1.0,,S1_delayed,PCMCIPlus,8,0.1782228946685791
1.0,1.0,1.0,1.0,0.0,1.0,,S1_delayed,GETTER_One,9,0.19845795631408691
0.6666666666666666,0.6666666666666666,0.5,1.0,0.0,1.0,,S1_delayed,VAR_Granger,9,0.026288509368896484
1.0,1.0,1.0,1.0,0.0,,,S1_delayed,TransferEntropy,9,0.24758052825927734
1.0,,,,,,,S1_delayed,GraphLasso,9,0.08353900909423828
0.0,0.0,0.0,0.0,,,,S1_delayed,EventXCorr,9,0.007459402084350586
0.6666666666666666,0.6666666666666666,0.5,1.0,0.0,1.0,,S1_delayed,PCMCIPlus,9,0.15665054321289062
1.0,1.0,1.0,1.0,0.0,1.0,,S1_delayed,GETTER_One,10,0.19817090034484863
0.5,0.5,0.3333333333333333,1.0,0.0,1.0,,S1_delayed,VAR_Granger,10,0.052280426025390625
0.6666666666666666,0.6666666666666666,0.5,1.0,0.0,,,S1_delayed,TransferEntropy,10,0.25036072731018066
0.6666666666666666,,,,,,,S1_delayed,GraphLasso,10,0.08471226692199707
0.0,0.0,0.0,0.0,,,,S1_delayed,EventXCorr,10,0.007524013519287109
0.5,0.5,0.3333333333333333,1.0,0.0,1.0,,S1_delayed,PCMCIPlus,10,0.1693727970123291
1.0,1.0,1.0,1.0,0.0,1.0,,S1_delayed,GETTER_One,11,0.22040677070617676
0.6666666666666666,0.6666666666666666,0.5,1.0,0.0,1.0,,S1_delayed,VAR_Granger,11,0.023796796798706055
0.5,0.3333333333333333,0.2,1.0,0.0,,,S1_delayed,TransferEntropy,11,0.20824718475341797
1.0,,,,,,,S1_delayed,GraphLasso,11,0.08329081535339355
0.6666666666666666,0.6666666666666666,0.5,1.0,0.0,,,S1_delayed,EventXCorr,11,0.0074689388275146484
1.0,1.0,1.0,1.0,0.0,1.0,,S1_delayed,PCMCIPlus,11,0.16134428977966309
1.0,1.0,1.0,1.0,0.0,1.0,,S1_delayed,GETTER_One,12,0.20077300071716309
1.0,1.0,1.0,1.0,0.0,1.0,,S1_delayed,VAR_Granger,12,0.02382683753967285
0.5,0.5,0.3333333333333333,1.0,0.0,,,S1_delayed,TransferEntropy,12,0.24715614318847656
0.5,,,,,,,S1_delayed,GraphLasso,12,0.08451724052429199
0.6666666666666666,0.5,0.3333333333333333,1.0,0.0,,,S1_delayed,EventXCorr,12,0.007432222366333008
1.0,1.0,1.0,1.0,0.0,1.0,,S1_delayed,PCMCIPlus,12,0.18633413314819336
1.0,1.0,1.0,1.0,0.0,1.0,,S1_delayed,GETTER_One,13,0.1995844841003418
0.6666666666666666,0.6666666666666666,0.5,1.0,0.0,1.0,,S1_delayed,VAR_Granger,13,0.023584604263305664
0.5,0.5,0.3333333333333333,1.0,0.0,,,S1_delayed,TransferEntropy,13,0.23333501815795898
1.0,,,,,,,S1_delayed,GraphLasso,13,0.0825800895690918
1.0,1.0,1.0,1.0,1.0,,,S1_delayed,EventXCorr,13,0.007939338684082031
0.6666666666666666,0.6666666666666666,0.5,1.0,0.0,1.0,,S1_delayed,PCMCIPlus,13,0.16550660133361816
1.0,1.0,1.0,1.0,0.0,1.0,,S1_delayed,GETTER_One,14,0.2041335105895996
0.6666666666666666,0.6666666666666666,0.5,1.0,0.0,1.0,,S1_delayed,VAR_Granger,14,0.02614879608154297
0.6666666666666666,0.4,0.25,1.0,0.0,,,S1_delayed,TransferEntropy,14,0.24692702293395996
1.0,,,,,,,S1_delayed,GraphLasso,14,0.08289527893066406
0.0,0.0,0.0,0.0,,,,S1_delayed,EventXCorr,14,0.007491350173950195
0.6666666666666666,0.6666666666666666,0.5,1.0,0.0,1.0,,S1_delayed,PCMCIPlus,14,0.15046191215515137
1.0,1.0,1.0,1.0,0.0,1.0,,S1_delayed,GETTER_One,15,0.19780349731445312
1.0,1.0,1.0,1.0,0.0,1.0,,S1_delayed,VAR_Granger,15,0.026556015014648438
0.5,0.3333333333333333,0.2,1.0,0.0,,,S1_delayed,TransferEntropy,15,0.24406003952026367
1.0,,,,,,,S1_delayed,GraphLasso,15,0.08278346061706543
0.0,0.0,0.0,0.0,,,,S1_delayed,EventXCorr,15,0.007451772689819336
0.6666666666666666,0.6666666666666666,0.5,1.0,0.0,1.0,,S1_delayed,PCMCIPlus,15,0.14723849296569824
1.0,1.0,1.0,1.0,0.0,1.0,,S1_delayed,GETTER_One,16,0.19820237159729004
0.6666666666666666,0.6666666666666666,0.5,1.0,0.0,1.0,,S1_delayed,VAR_Granger,16,0.02658390998840332
0.5,0.5,0.3333333333333333,1.0,0.0,,,S1_delayed,TransferEntropy,16,0.24860119819641113
1.0,,,,,,,S1_delayed,GraphLasso,16,0.08892202377319336
1.0,1.0,1.0,1.0,5.0,,,S1_delayed,EventXCorr,16,0.009330034255981445
1.0,1.0,1.0,1.0,0.0,1.0,,S1_delayed,PCMCIPlus,16,0.16480803489685059
1.0,1.0,1.0,1.0,0.0,1.0,,S1_delayed,GETTER_One,17,0.19744563102722168
0.6666666666666666,0.6666666666666666,0.5,1.0,0.0,1.0,,S1_delayed,VAR_Granger,17,0.026088237762451172
1.0,0.6666666666666666,0.5,1.0,0.0,,,S1_delayed,TransferEntropy,17,0.24488019943237305
1.0,,,,,,,S1_delayed,GraphLasso,17,0.0829765796661377
0.0,0.0,0.0,0.0,,,,S1_delayed,EventXCorr,17,0.007460594177246094
1.0,1.0,1.0,1.0,0.0,1.0,,S1_delayed,PCMCIPlus,17,0.16007113456726074
1.0,1.0,1.0,1.0,0.0,1.0,,S1_delayed,GETTER_One,18,0.19976472854614258
0.6666666666666666,0.6666666666666666,0.5,1.0,0.0,1.0,,S1_delayed,VAR_Granger,18,0.026348114013671875
1.0,1.0,1.0,1.0,0.0,,,S1_delayed,TransferEntropy,18,0.2460026741027832
1.0,,,,,,,S1_delayed,GraphLasso,18,0.08235335350036621
0.0,0.0,0.0,0.0,,,,S1_delayed,EventXCorr,18,0.0073964595794677734
0.6666666666666666,0.6666666666666666,0.5,1.0,0.0,1.0,,S1_delayed,PCMCIPlus,18,0.15924692153930664
1.0,1.0,1.0,1.0,0.0,1.0,,S1_delayed,GETTER_One,19,0.19774079322814941
0.6666666666666666,0.6666666666666666,0.5,1.0,0.0,1.0,,S1_delayed,VAR_Granger,19,0.026339054107666016
0.6666666666666666,0.5,0.3333333333333333,1.0,0.0,,,S1_delayed,TransferEntropy,19,0.24393200874328613
0.6666666666666666,,,,,,,S1_delayed,GraphLasso,19,0.08376765251159668
1.0,0.6666666666666666,0.5,1.0,0.0,,,S1_delayed,EventXCorr,19,0.0074536800384521484
1.0,1.0,1.0,1.0,0.0,1.0,,S1_delayed,PCMCIPlus,19,0.16349458694458008
1.0,1.0,1.0,1.0,0.0,1.0,,S2_asymmetric,GETTER_One,0,0.201308012008667
1.0,0.6666666666666666,0.5,1.0,0.0,1.0,,S2_asymmetric,VAR_Granger,0,0.022753238677978516
0.6666666666666666,0.6666666666666666,0.5,1.0,0.0,,,S2_asymmetric,TransferEntropy,0,0.20440101623535156
0.5,,,,,,,S2_asymmetric,GraphLasso,0,0.08394908905029297
1.0,0.0,0.0,0.0,,,,S2_asymmetric,EventXCorr,0,0.007508754730224609
1.0,1.0,1.0,1.0,0.0,1.0,,S2_asymmetric,PCMCIPlus,0,0.16994667053222656
1.0,0.6666666666666666,0.5,1.0,0.0,1.0,,S2_asymmetric,GETTER_One,1,0.19764375686645508
1.0,0.6666666666666666,0.5,1.0,0.0,1.0,,S2_asymmetric,VAR_Granger,1,0.022870779037475586
1.0,0.6666666666666666,0.5,1.0,0.0,,,S2_asymmetric,TransferEntropy,1,0.20499277114868164
1.0,,,,,,,S2_asymmetric,GraphLasso,1,0.08347606658935547
0.6666666666666666,0.6666666666666666,0.5,1.0,0.0,,,S2_asymmetric,EventXCorr,1,0.007422208786010742
1.0,0.6666666666666666,0.5,1.0,0.0,1.0,,S2_asymmetric,PCMCIPlus,1,0.17925119400024414
1.0,1.0,1.0,1.0,0.0,1.0,,S2_asymmetric,GETTER_One,2,0.19838571548461914
1.0,0.6666666666666666,0.5,1.0,0.0,1.0,,S2_asymmetric,VAR_Granger,2,0.022980213165283203
0.5,0.3333333333333333,0.2,1.0,0.0,,,S2_asymmetric,TransferEntropy,2,0.20467925071716309
0.5,,,,,,,S2_asymmetric,GraphLasso,2,0.08487153053283691
1.0,1.0,1.0,1.0,0.0,,,S2_asymmetric,EventXCorr,2,0.007489681243896484
1.0,1.0,1.0,1.0,0.0,1.0,,S2_asymmetric,PCMCIPlus,2,0.1720561981201172
1.0,1.0,1.0,1.0,0.0,1.0,,S2_asymmetric,GETTER_One,3,0.19680309295654297
1.0,0.6666666666666666,0.5,1.0,0.0,1.0,,S2_asymmetric,VAR_Granger,3,0.022454023361206055
1.0,1.0,1.0,1.0,0.0,,,S2_asymmetric,TransferEntropy,3,0.2037353515625
0.6666666666666666,,,,,,,S2_asymmetric,GraphLasso,3,0.08318281173706055
0.0,0.0,0.0,0.0,,,,S2_asymmetric,EventXCorr,3,0.007419109344482422
1.0,1.0,1.0,1.0,0.0,1.0,,S2_asymmetric,PCMCIPlus,3,0.17809057235717773
1.0,1.0,1.0,1.0,0.0,1.0,,S2_asymmetric,GETTER_One,4,0.19943547248840332
1.0,0.6666666666666666,0.5,1.0,0.0,1.0,,S2_asymmetric,VAR_Granger,4,0.022725343704223633
0.6666666666666666,0.6666666666666666,0.5,1.0,0.0,,,S2_asymmetric,TransferEntropy,4,0.20760107040405273
0.5,,,,,,,S2_asymmetric,GraphLasso,4,0.08359408378601074
1.0,1.0,1.0,1.0,0.0,,,S2_asymmetric,EventXCorr,4,0.007508993148803711
1.0,1.0,1.0,1.0,0.0,1.0,,S2_asymmetric,PCMCIPlus,4,0.19205093383789062
1.0,0.6666666666666666,0.5,1.0,0.0,1.0,,S2_asymmetric,GETTER_One,5,0.19690966606140137
1.0,0.6666666666666666,0.5,1.0,0.0,1.0,,S2_asymmetric,VAR_Granger,5,0.022818565368652344
1.0,0.6666666666666666,0.5,1.0,0.0,,,S2_asymmetric,TransferEntropy,5,0.20246624946594238
0.5,,,,,,,S2_asymmetric,GraphLasso,5,0.08449625968933105
1.0,1.0,1.0,1.0,0.0,,,S2_asymmetric,EventXCorr,5,0.007715463638305664
1.0,0.6666666666666666,0.5,1.0,0.0,1.0,,S2_asymmetric,PCMCIPlus,5,0.21183204650878906
1.0,1.0,1.0,1.0,0.0,1.0,,S2_asymmetric,GETTER_One,6,0.19806694984436035
1.0,0.6666666666666666,0.5,1.0,0.0,1.0,,S2_asymmetric,VAR_Granger,6,0.022576570510864258
1.0,0.6666666666666666,0.5,1.0,0.0,,,S2_asymmetric,TransferEntropy,6,0.20498013496398926
1.0,,,,,,,S2_asymmetric,GraphLasso,6,0.08408451080322266
0.6666666666666666,0.6666666666666666,0.5,1.0,0.0,,,S2_asymmetric,EventXCorr,6,0.007579326629638672
1.0,1.0,1.0,1.0,0.0,1.0,,S2_asymmetric,PCMCIPlus,6,0.1915888786315918
1.0,1.0,1.0,1.0,0.0,1.0,,S2_asymmetric,GETTER_One,7,0.19997501373291016
1.0,0.6666666666666666,0.5,1.0,0.0,1.0,,S2_asymmetric,VAR_Granger,7,0.022556304931640625
1.0,0.6666666666666666,0.5,1.0,0.0,,,S2_asymmetric,TransferEntropy,7,0.20516228675842285
1.0,,,,,,,S2_asymmetric,GraphLasso,7,0.08566665649414062
0.0,0.0,0.0,0.0,,,,S2_asymmetric,EventXCorr,7,0.007509708404541016
1.0,1.0,1.0,1.0,0.0,1.0,,S2_asymmetric,PCMCIPlus,7,0.1902942657470703
1.0,1.0,1.0,1.0,0.0,1.0,,S2_asymmetric,GETTER_One,8,0.20233559608459473
1.0,0.6666666666666666,0.5,1.0,0.0,1.0,,S2_asymmetric,VAR_Granger,8,0.02300572395324707
0.6666666666666666,0.6666666666666666,0.5,1.0,0.0,,,S2_asymmetric,TransferEntropy,8,0.20630526542663574
0.5,,,,,,,S2_asymmetric,GraphLasso,8,0.08370804786682129
0.0,0.0,0.0,0.0,,,,S2_asymmetric,EventXCorr,8,0.007436037063598633
1.0,0.6666666666666666,0.5,1.0,0.0,1.0,,S2_asymmetric,PCMCIPlus,8,0.19273853302001953
1.0,1.0,1.0,1.0,0.0,1.0,,S2_asymmetric,GETTER_One,9,0.19835877418518066
1.0,0.6666666666666666,0.5,1.0,0.0,1.0,,S2_asymmetric,VAR_Granger,9,0.023142099380493164
0.6666666666666666,0.6666666666666666,0.5,1.0,0.0,,,S2_asymmetric,TransferEntropy,9,0.2687869071960449
0.6666666666666666,,,,,,,S2_asymmetric,GraphLasso,9,0.08330106735229492
0.0,0.0,0.0,0.0,,,,S2_asymmetric,EventXCorr,9,0.007467746734619141
1.0,1.0,1.0,1.0,0.0,1.0,,S2_asymmetric,PCMCIPlus,9,0.17494893074035645
1.0,1.0,1.0,1.0,0.0,1.0,,S2_asymmetric,GETTER_One,10,0.19908499717712402
1.0,0.6666666666666666,0.5,1.0,0.0,1.0,,S2_asymmetric,VAR_Granger,10,0.022539854049682617
1.0,0.6666666666666666,0.5,1.0,0.0,,,S2_asymmetric,TransferEntropy,10,0.20526933670043945
0.5,,,,,,,S2_asymmetric,GraphLasso,10,0.0975029468536377
1.0,1.0,1.0,1.0,0.0,,,S2_asymmetric,EventXCorr,10,0.009286880493164062
1.0,0.6666666666666666,0.5,1.0,0.0,1.0,,S2_asymmetric,PCMCIPlus,10,0.19434690475463867
1.0,1.0,1.0,1.0,0.0,1.0,,S2_asymmetric,GETTER_One,11,0.23805880546569824
1.0,0.6666666666666666,0.5,1.0,0.0,1.0,,S2_asymmetric,VAR_Granger,11,0.023386716842651367
0.6666666666666666,0.4,0.25,1.0,0.0,,,S2_asymmetric,TransferEntropy,11,0.21573305130004883
0.6666666666666666,,,,,,,S2_asymmetric,GraphLasso,11,0.08279275894165039
0.6666666666666666,0.5,0.3333333333333333,1.0,0.0,,,S2_asymmetric,EventXCorr,11,0.00785374641418457
1.0,1.0,1.0,1.0,0.0,1.0,,S2_asymmetric,PCMCIPlus,11,0.1637563705444336
1.0,1.0,1.0,1.0,0.0,1.0,,S2_asymmetric,GETTER_One,12,0.19978094100952148
1.0,0.6666666666666666,0.5,1.0,0.0,1.0,,S2_asymmetric,VAR_Granger,12,0.022639036178588867
1.0,1.0,1.0,1.0,0.0,,,S2_asymmetric,TransferEntropy,12,0.20473337173461914
0.6666666666666666,,,,,,,S2_asymmetric,GraphLasso,12,0.08246326446533203
1.0,1.0,1.0,1.0,0.0,,,S2_asymmetric,EventXCorr,12,0.0074503421783447266
1.0,1.0,1.0,1.0,0.0,1.0,,S2_asymmetric,PCMCIPlus,12,0.19386529922485352
1.0,1.0,1.0,1.0,0.0,1.0,,S2_asymmetric,GETTER_One,13,0.19963765144348145
1.0,0.6666666666666666,0.5,1.0,0.0,1.0,,S2_asymmetric,VAR_Granger,13,0.024320125579833984
1.0,0.6666666666666666,0.5,1.0,0.0,,,S2_asymmetric,TransferEntropy,13,0.20580792427062988
0.5,,,,,,,S2_asymmetric,GraphLasso,13,0.08501124382019043
1.0,1.0,1.0,1.0,0.0,,,S2_asymmetric,EventXCorr,13,0.007511138916015625
1.0,1.0,1.0,1.0,0.0,1.0,,S2_asymmetric,PCMCIPlus,13,0.17545294761657715
1.0,1.0,1.0,1.0,0.0,1.0,,S2_asymmetric,GETTER_One,14,0.19948625564575195
0.6666666666666666,0.5,0.3333333333333333,1.0,0.0,1.0,,S2_asymmetric,VAR_Granger,14,0.022594213485717773
1.0,0.6666666666666666,0.5,1.0,0.0,,,S2_asymmetric,TransferEntropy,14,0.2104036808013916
1.0,,,,,,,S2_asymmetric,GraphLasso,14,0.08518719673156738
0.5,0.4,0.25,1.0,0.0,,,S2_asymmetric,EventXCorr,14,0.007693052291870117
1.0,1.0,1.0,1.0,0.0,1.0,,S2_asymmetric,PCMCIPlus,14,0.16992568969726562
1.0,1.0,1.0,1.0,0.0,1.0,,S2_asymmetric,GETTER_One,15,0.19737005233764648
1.0,0.6666666666666666,0.5,1.0,0.0,1.0,,S2_asymmetric,VAR_Granger,15,0.02252507209777832
1.0,1.0,1.0,1.0,0.0,,,S2_asymmetric,TransferEntropy,15,0.20255661010742188
1.0,,,,,,,S2_asymmetric,GraphLasso,15,0.08423352241516113
0.6666666666666666,0.5,0.3333333333333333,1.0,0.0,,,S2_asymmetric,EventXCorr,15,0.007471561431884766
1.0,1.0,1.0,1.0,0.0,1.0,,S2_asymmetric,PCMCIPlus,15,0.18282532691955566
1.0,1.0,1.0,1.0,0.0,1.0,,S2_asymmetric,GETTER_One,16,0.19968199729919434
1.0,0.6666666666666666,0.5,1.0,0.0,1.0,,S2_asymmetric,VAR_Granger,16,0.022936105728149414
0.6666666666666666,0.5,0.3333333333333333,1.0,0.0,,,S2_asymmetric,TransferEntropy,16,0.20472049713134766
0.5,,,,,,,S2_asymmetric,GraphLasso,16,0.08330392837524414
1.0,1.0,1.0,1.0,0.0,,,S2_asymmetric,EventXCorr,16,0.007376670837402344
1.0,0.6666666666666666,0.5,1.0,0.0,1.0,,S2_asymmetric,PCMCIPlus,16,0.20760035514831543
1.0,1.0,1.0,1.0,0.0,1.0,,S2_asymmetric,GETTER_One,17,0.1968848705291748
1.0,0.6666666666666666,0.5,1.0,0.0,1.0,,S2_asymmetric,VAR_Granger,17,0.02255988121032715
0.6666666666666666,0.5,0.3333333333333333,1.0,0.0,,,S2_asymmetric,TransferEntropy,17,0.20754480361938477
0.6666666666666666,,,,,,,S2_asymmetric,GraphLasso,17,0.08332157135009766
0.6666666666666666,0.6666666666666666,0.5,1.0,0.0,,,S2_asymmetric,EventXCorr,17,0.0074613094329833984
1.0,0.6666666666666666,0.5,1.0,0.0,1.0,,S2_asymmetric,PCMCIPlus,17,0.19870471954345703
1.0,0.6666666666666666,0.5,1.0,0.0,1.0,,S2_asymmetric,GETTER_One,18,0.19956493377685547
1.0,0.6666666666666666,0.5,1.0,0.0,1.0,,S2_asymmetric,VAR_Granger,18,0.022675514221191406
0.6666666666666666,0.5,0.3333333333333333,1.0,0.0,,,S2_asymmetric,TransferEntropy,18,0.20518159866333008
1.0,,,,,,,S2_asymmetric,GraphLasso,18,0.08367109298706055
0.0,0.0,0.0,0.0,,,,S2_asymmetric,EventXCorr,18,0.007416725158691406
1.0,0.6666666666666666,0.5,1.0,0.0,1.0,,S2_asymmetric,PCMCIPlus,18,0.1889171600341797
1.0,1.0,1.0,1.0,0.0,1.0,,S2_asymmetric,GETTER_One,19,0.21263861656188965
1.0,0.6666666666666666,0.5,1.0,0.0,1.0,,S2_asymmetric,VAR_Granger,19,0.023509740829467773
1.0,0.6666666666666666,0.5,1.0,0.0,,,S2_asymmetric,TransferEntropy,19,0.21026849746704102
0.5,,,,,,,S2_asymmetric,GraphLasso,19,0.08529114723205566
0.0,0.0,0.0,0.0,,,,S2_asymmetric,EventXCorr,19,0.007440805435180664
1.0,1.0,1.0,1.0,0.0,1.0,,S2_asymmetric,PCMCIPlus,19,0.2033710479736328
0.8,0.8,0.6666666666666666,1.0,0.0,1.0,0.5,S5_confounder,GETTER_One,0,0.20501184463500977
1.0,1.0,1.0,1.0,0.0,1.0,0.0,S5_confounder,VAR_Granger,0,0.02327704429626465
0.8,0.8,0.6666666666666666,1.0,0.0,,0.5,S5_confounder,TransferEntropy,0,0.2056722640991211
0.8,,,,,,1.0,S5_confounder,GraphLasso,0,0.12225866317749023
0.6666666666666666,0.6666666666666666,1.0,0.5,0.0,,0.0,S5_confounder,EventXCorr,0,0.007486820220947266
1.0,1.0,1.0,1.0,0.0,1.0,0.0,S5_confounder,PCMCIPlus,0,0.2405107021331787
0.8,0.8,0.6666666666666666,1.0,0.0,1.0,0.5,S5_confounder,GETTER_One,1,0.19966769218444824
1.0,1.0,1.0,1.0,0.0,1.0,0.0,S5_confounder,VAR_Granger,1,0.02384018898010254
0.8,0.6666666666666666,0.5,1.0,0.0,,0.5,S5_confounder,TransferEntropy,1,0.2035045623779297
0.5,,,,,,1.0,S5_confounder,GraphLasso,1,0.13550662994384766
0.5,0.5,0.5,0.5,0.0,,0.5,S5_confounder,EventXCorr,1,0.0073850154876708984
1.0,1.0,1.0,1.0,0.0,1.0,0.0,S5_confounder,PCMCIPlus,1,0.28873443603515625
0.8,0.8,0.6666666666666666,1.0,0.0,1.0,0.5,S5_confounder,GETTER_One,2,0.201141357421875
1.0,0.8,0.6666666666666666,1.0,0.0,1.0,0.0,S5_confounder,VAR_Granger,2,0.024945974349975586
0.8,0.8,0.6666666666666666,1.0,0.0,,0.5,S5_confounder,TransferEntropy,2,0.2159266471862793
0.5,,,,,,1.0,S5_confounder,GraphLasso,2,0.12444734573364258
0.6666666666666666,0.6666666666666666,1.0,0.5,0.0,,0.0,S5_confounder,EventXCorr,2,0.0075473785400390625
1.0,1.0,1.0,1.0,0.0,1.0,0.0,S5_confounder,PCMCIPlus,2,0.2716341018676758
0.8,0.8,0.6666666666666666,1.0,0.0,1.0,0.5,S5_confounder,GETTER_One,3,0.19728708267211914
1.0,1.0,1.0,1.0,0.0,1.0,0.0,S5_confounder,VAR_Granger,3,0.023209095001220703
0.8,0.5,0.3333333333333333,1.0,0.0,,1.0,S5_confounder,TransferEntropy,3,0.20984721183776855
0.8,,,,,,1.0,S5_confounder,GraphLasso,3,0.10886597633361816
0.8,0.8,0.6666666666666666,1.0,0.0,,0.5,S5_confounder,EventXCorr,3,0.00761103630065918
1.0,1.0,1.0,1.0,0.0,1.0,0.0,S5_confounder,PCMCIPlus,3,0.23175787925720215
0.8,0.8,0.6666666666666666,1.0,0.0,1.0,0.5,S5_confounder,GETTER_One,4,0.20108890533447266
0.8,0.8,0.6666666666666666,1.0,0.0,1.0,0.5,S5_confounder,VAR_Granger,4,0.02332139015197754
0.8,0.8,0.6666666666666666,1.0,0.0,,0.5,S5_confounder,TransferEntropy,4,0.20507502555847168
0.8,,,,,,1.0,S5_confounder,GraphLasso,4,0.09888386726379395
0.8,0.8,0.6666666666666666,1.0,0.0,,0.5,S5_confounder,EventXCorr,4,0.007430315017700195
1.0,1.0,1.0,1.0,0.0,1.0,0.0,S5_confounder,PCMCIPlus,4,0.25042247772216797
0.8,0.8,0.6666666666666666,1.0,0.0,1.0,0.5,S5_confounder,GETTER_One,5,0.198594331741333
1.0,1.0,1.0,1.0,0.0,1.0,0.0,S5_confounder,VAR_Granger,5,0.023055553436279297
0.8,0.6666666666666666,0.5,1.0,0.0,,0.5,S5_confounder,TransferEntropy,5,0.20620012283325195
0.8,,,,,,1.0,S5_confounder,GraphLasso,5,0.10137152671813965
0.6666666666666666,0.6666666666666666,1.0,0.5,0.0,,0.0,S5_confounder,EventXCorr,5,0.007529497146606445
1.0,1.0,1.0,1.0,0.0,1.0,0.0,S5_confounder,PCMCIPlus,5,0.22959518432617188
0.8,0.8,0.6666666666666666,1.0,0.0,1.0,0.5,S5_confounder,GETTER_One,6,0.19734525680541992
1.0,1.0,1.0,1.0,0.0,1.0,0.0,S5_confounder,VAR_Granger,6,0.023221969604492188
0.8,0.8,0.6666666666666666,1.0,0.0,,0.5,S5_confounder,TransferEntropy,6,0.20334601402282715
0.8,,,,,,1.0,S5_confounder,GraphLasso,6,0.09218454360961914
1.0,0.5,0.5,0.5,0.0,,0.0,S5_confounder,EventXCorr,6,0.00742793083190918
1.0,1.0,1.0,1.0,0.0,1.0,0.0,S5_confounder,PCMCIPlus,6,0.23946785926818848
0.8,0.8,0.6666666666666666,1.0,0.0,1.0,0.5,S5_confounder,GETTER_One,7,0.19919037818908691
1.0,1.0,1.0,1.0,0.0,1.0,0.0,S5_confounder,VAR_Granger,7,0.02359318733215332
0.8,0.6666666666666666,0.5,1.0,0.0,,0.5,S5_confounder,TransferEntropy,7,0.2033991813659668
0.8,,,,,,1.0,S5_confounder,GraphLasso,7,0.11127996444702148
0.5,0.5,0.5,0.5,0.0,,0.5,S5_confounder,EventXCorr,7,0.007462739944458008
1.0,1.0,1.0,1.0,0.0,1.0,0.0,S5_confounder,PCMCIPlus,7,0.2364966869354248
0.8,0.8,0.6666666666666666,1.0,0.0,1.0,0.5,S5_confounder,GETTER_One,8,0.20212578773498535
1.0,1.0,1.0,1.0,0.0,1.0,0.0,S5_confounder,VAR_Granger,8,0.023036479949951172
0.8,0.8,0.6666666666666666,1.0,0.0,,0.5,S5_confounder,TransferEntropy,8,0.2048051357269287
0.8,,,,,,1.0,S5_confounder,GraphLasso,8,0.11399579048156738
0.6666666666666666,0.6666666666666666,1.0,0.5,4.0,,0.0,S5_confounder,EventXCorr,8,0.0075266361236572266
1.0,0.8,0.6666666666666666,1.0,0.0,1.0,0.0,S5_confounder,PCMCIPlus,8,0.25070953369140625
0.8,0.8,0.6666666666666666,1.0,0.0,1.0,0.5,S5_confounder,GETTER_One,9,0.19868254661560059
1.0,1.0,1.0,1.0,0.0,1.0,0.0,S5_confounder,VAR_Granger,9,0.023308277130126953
0.8,0.8,0.6666666666666666,1.0,0.0,,0.5,S5_confounder,TransferEntropy,9,0.20375347137451172
0.8,,,,,,1.0,S5_confounder,GraphLasso,9,0.10710740089416504
0.6666666666666666,0.6666666666666666,1.0,0.5,0.0,,0.0,S5_confounder,EventXCorr,9,0.007442474365234375
1.0,1.0,1.0,1.0,0.0,1.0,0.0,S5_confounder,PCMCIPlus,9,0.23953604698181152
0.8,0.8,0.6666666666666666,1.0,0.0,1.0,0.5,S5_confounder,GETTER_One,10,0.19956088066101074
1.0,1.0,1.0,1.0,0.0,1.0,0.0,S5_confounder,VAR_Granger,10,0.02323007583618164
0.8,0.8,0.6666666666666666,1.0,0.0,,0.5,S5_confounder,TransferEntropy,10,0.20572590827941895
0.8,,,,,,1.0,S5_confounder,GraphLasso,10,0.10343575477600098
0.8,0.8,0.6666666666666666,1.0,0.0,,0.5,S5_confounder,EventXCorr,10,0.0075511932373046875
1.0,1.0,1.0,1.0,0.0,1.0,0.0,S5_confounder,PCMCIPlus,10,0.25064992904663086
0.8,0.8,0.6666666666666666,1.0,0.0,1.0,0.5,S5_confounder,GETTER_One,11,0.20114779472351074
1.0,1.0,1.0,1.0,0.0,1.0,0.0,S5_confounder,VAR_Granger,11,0.024218320846557617
0.8,0.5714285714285714,0.4,1.0,0.0,,0.5,S5_confounder,TransferEntropy,11,0.20440387725830078
0.8,,,,,,1.0,S5_confounder,GraphLasso,11,0.10773682594299316
0.5,0.4,0.3333333333333333,0.5,0.0,,1.0,S5_confounder,EventXCorr,11,0.007539272308349609
1.0,1.0,1.0,1.0,0.0,1.0,0.0,S5_confounder,PCMCIPlus,11,0.2487325668334961
0.8,0.8,0.6666666666666666,1.0,0.0,1.0,0.5,S5_confounder,GETTER_One,12,0.1993257999420166
1.0,1.0,1.0,1.0,0.0,1.0,0.0,S5_confounder,VAR_Granger,12,0.023499011993408203
0.8,0.8,0.6666666666666666,1.0,0.0,,0.5,S5_confounder,TransferEntropy,12,0.2053239345550537
0.8,,,,,,1.0,S5_confounder,GraphLasso,12,0.12091326713562012
0.5,0.4,0.3333333333333333,0.5,0.0,,1.0,S5_confounder,EventXCorr,12,0.007494926452636719
1.0,1.0,1.0,1.0,0.0,1.0,0.0,S5_confounder,PCMCIPlus,12,0.2728557586669922
0.8,0.8,0.6666666666666666,1.0,0.0,1.0,0.5,S5_confounder,GETTER_One,13,0.19689273834228516
1.0,1.0,1.0,1.0,0.0,1.0,0.0,S5_confounder,VAR_Granger,13,0.023302316665649414
0.8,0.8,0.6666666666666666,1.0,0.0,,0.5,S5_confounder,TransferEntropy,13,0.22754859924316406
0.8,,,,,,1.0,S5_confounder,GraphLasso,13,0.18829965591430664
0.6666666666666666,0.6666666666666666,1.0,0.5,0.0,,0.0,S5_confounder,EventXCorr,13,0.007469654083251953
1.0,1.0,1.0,1.0,0.0,1.0,0.0,S5_confounder,PCMCIPlus,13,0.23905348777770996
0.8,0.8,0.6666666666666666,1.0,0.0,1.0,0.5,S5_confounder,GETTER_One,14,0.1979844570159912
1.0,1.0,1.0,1.0,0.0,1.0,0.0,S5_confounder,VAR_Granger,14,0.026038646697998047
0.8,0.6666666666666666,0.5,1.0,0.0,,0.5,S5_confounder,TransferEntropy,14,0.22596168518066406
0.8,,,,,,1.0,S5_confounder,GraphLasso,14,0.11466646194458008
0.8,0.8,0.6666666666666666,1.0,3.0,,0.5,S5_confounder,EventXCorr,14,0.007439851760864258
1.0,1.0,1.0,1.0,0.0,1.0,0.0,S5_confounder,PCMCIPlus,14,0.2684035301208496
0.8,0.8,0.6666666666666666,1.0,0.0,1.0,0.5,S5_confounder,GETTER_One,15,0.19991397857666016
0.8,0.8,0.6666666666666666,1.0,0.0,1.0,0.5,S5_confounder,VAR_Granger,15,0.023211956024169922
0.8,0.6666666666666666,0.5,1.0,0.0,,0.5,S5_confounder,TransferEntropy,15,0.2032463550567627
0.8,,,,,,1.0,S5_confounder,GraphLasso,15,0.10023069381713867
1.0,1.0,1.0,1.0,0.0,,0.0,S5_confounder,EventXCorr,15,0.007456541061401367
1.0,1.0,1.0,1.0,0.0,1.0,0.0,S5_confounder,PCMCIPlus,15,0.24964332580566406
0.8,0.8,0.6666666666666666,1.0,0.0,1.0,0.5,S5_confounder,GETTER_One,16,0.1997387409210205
1.0,1.0,1.0,1.0,0.0,1.0,0.0,S5_confounder,VAR_Granger,16,0.023647785186767578
0.8,0.8,0.6666666666666666,1.0,0.0,,0.5,S5_confounder,TransferEntropy,16,0.20659446716308594
0.5,,,,,,1.0,S5_confounder,GraphLasso,16,0.12072014808654785
0.6666666666666666,0.5,0.5,0.5,0.0,,0.0,S5_confounder,EventXCorr,16,0.007516622543334961
1.0,1.0,1.0,1.0,0.0,1.0,0.0,S5_confounder,PCMCIPlus,16,0.27503442764282227
0.8,0.8,0.6666666666666666,1.0,0.0,1.0,0.5,S5_confounder,GETTER_One,17,0.20137405395507812
1.0,1.0,1.0,1.0,0.0,1.0,0.0,S5_confounder,VAR_Granger,17,0.02482891082763672
0.8,0.6666666666666666,0.5,1.0,0.0,,0.5,S5_confounder,TransferEntropy,17,0.21198105812072754
0.8,,,,,,1.0,S5_confounder,GraphLasso,17,0.09757065773010254
0.8,0.8,0.6666666666666666,1.0,0.0,,0.5,S5_confounder,EventXCorr,17,0.007458209991455078
1.0,1.0,1.0,1.0,0.0,1.0,0.0,S5_confounder,PCMCIPlus,17,0.23860406875610352
0.8,0.8,0.6666666666666666,1.0,0.0,1.0,0.5,S5_confounder,GETTER_One,18,0.22669601440429688
1.0,0.8,0.6666666666666666,1.0,0.0,1.0,0.0,S5_confounder,VAR_Granger,18,0.02318716049194336
0.8,0.8,0.6666666666666666,1.0,0.0,,0.5,S5_confounder,TransferEntropy,18,0.20543146133422852
0.5,,,,,,1.0,S5_confounder,GraphLasso,18,0.12644743919372559
0.0,0.0,0.0,0.0,,,0.5,S5_confounder,EventXCorr,18,0.007418394088745117
1.0,1.0,1.0,1.0,0.0,1.0,0.0,S5_confounder,PCMCIPlus,18,0.2641606330871582
0.8,0.8,0.6666666666666666,1.0,0.0,1.0,0.5,S5_confounder,GETTER_One,19,0.19963860511779785
1.0,1.0,1.0,1.0,0.0,1.0,0.0,S5_confounder,VAR_Granger,19,0.02311873435974121
0.8,0.8,0.6666666666666666,1.0,0.0,,0.5,S5_confounder,TransferEntropy,19,0.20523500442504883
0.8,,,,,,1.0,S5_confounder,GraphLasso,19,0.16535663604736328
0.6666666666666666,0.6666666666666666,1.0,0.5,0.0,,0.0,S5_confounder,EventXCorr,19,0.0074253082275390625
1.0,1.0,1.0,1.0,0.0,1.0,0.0,S5_confounder,PCMCIPlus,19,0.22696208953857422
1.0,1.0,1.0,1.0,0.0,1.0,,S7_event_delayed,GETTER_One,0,0.19937658309936523
1.0,1.0,1.0,1.0,0.0,1.0,,S7_event_delayed,VAR_Granger,0,0.02706289291381836
0.6666666666666666,0.5,0.3333333333333333,1.0,2.0,,,S7_event_delayed,TransferEntropy,0,0.2476494312286377
0.5,,,,,,,S7_event_delayed,GraphLasso,0,0.08313465118408203
1.0,1.0,1.0,1.0,0.0,,,S7_event_delayed,EventXCorr,0,0.007436037063598633
0.6666666666666666,0.6666666666666666,0.5,1.0,0.0,1.0,,S7_event_delayed,PCMCIPlus,0,0.1265859603881836
1.0,1.0,1.0,1.0,0.0,1.0,,S7_event_delayed,GETTER_One,1,0.19750475883483887
1.0,1.0,1.0,1.0,0.0,1.0,,S7_event_delayed,VAR_Granger,1,0.026949405670166016
0.6666666666666666,0.6666666666666666,0.5,1.0,0.0,,,S7_event_delayed,TransferEntropy,1,0.25999999046325684
0.0,,,,,,,S7_event_delayed,GraphLasso,1,0.07546448707580566
0.6666666666666666,0.6666666666666666,0.5,1.0,0.0,,,S7_event_delayed,EventXCorr,1,0.007321357727050781
1.0,1.0,1.0,1.0,0.0,1.0,,S7_event_delayed,PCMCIPlus,1,0.12190103530883789
1.0,1.0,1.0,1.0,0.0,1.0,,S7_event_delayed,GETTER_One,2,0.19761180877685547
1.0,0.6666666666666666,0.5,1.0,0.0,1.0,,S7_event_delayed,VAR_Granger,2,0.0270843505859375
0.6666666666666666,0.0,0.0,0.0,,,,S7_event_delayed,TransferEntropy,2,0.24515962600708008
0.6666666666666666,,,,,,,S7_event_delayed,GraphLasso,2,0.08366537094116211
1.0,0.6666666666666666,0.5,1.0,0.0,,,S7_event_delayed,EventXCorr,2,0.00743556022644043
0.6666666666666666,0.6666666666666666,0.5,1.0,0.0,1.0,,S7_event_delayed,PCMCIPlus,2,0.12755370140075684
1.0,1.0,1.0,1.0,0.0,1.0,,S7_event_delayed,GETTER_One,3,0.1971275806427002
0.6666666666666666,0.6666666666666666,0.5,1.0,0.0,1.0,,S7_event_delayed,VAR_Granger,3,0.027316570281982422
0.0,0.0,0.0,0.0,,,,S7_event_delayed,TransferEntropy,3,0.24574518203735352
1.0,,,,,,,S7_event_delayed,GraphLasso,3,0.08304977416992188
0.6666666666666666,0.5,0.3333333333333333,1.0,0.0,,,S7_event_delayed,EventXCorr,3,0.007526397705078125
0.5,0.5,0.3333333333333333,1.0,0.0,1.0,,S7_event_delayed,PCMCIPlus,3,0.14830732345581055
1.0,1.0,1.0,1.0,0.0,1.0,,S7_event_delayed,GETTER_One,4,0.1987299919128418
1.0,1.0,1.0,1.0,0.0,1.0,,S7_event_delayed,VAR_Granger,4,0.027164459228515625
0.6666666666666666,0.6666666666666666,0.5,1.0,2.0,,,S7_event_delayed,TransferEntropy,4,0.24582600593566895
1.0,,,,,,,S7_event_delayed,GraphLasso,4,0.08273124694824219
1.0,1.0,1.0,1.0,0.0,,,S7_event_delayed,EventXCorr,4,0.007405281066894531
0.6666666666666666,0.6666666666666666,0.5,1.0,0.0,1.0,,S7_event_delayed,PCMCIPlus,4,0.13913869857788086
1.0,1.0,1.0,1.0,0.0,1.0,,S7_event_delayed,GETTER_One,5,0.19707703590393066
1.0,0.6666666666666666,0.5,1.0,0.0,1.0,,S7_event_delayed,VAR_Granger,5,0.026814699172973633
0.6666666666666666,0.5,0.3333333333333333,1.0,3.0,,,S7_event_delayed,TransferEntropy,5,0.24452805519104004
1.0,,,,,,,S7_event_delayed,GraphLasso,5,0.08361506462097168
1.0,1.0,1.0,1.0,0.0,,,S7_event_delayed,EventXCorr,5,0.007391452789306641
1.0,1.0,1.0,1.0,0.0,1.0,,S7_event_delayed,PCMCIPlus,5,0.13053274154663086
1.0,1.0,1.0,1.0,0.0,1.0,,S7_event_delayed,GETTER_One,6,0.19697785377502441
1.0,1.0,1.0,1.0,0.0,1.0,,S7_event_delayed,VAR_Granger,6,0.0266873836517334
1.0,1.0,1.0,1.0,0.0,,,S7_event_delayed,TransferEntropy,6,0.24516677856445312
1.0,,,,,,,S7_event_delayed,GraphLasso,6,0.08250021934509277
1.0,1.0,1.0,1.0,0.0,,,S7_event_delayed,EventXCorr,6,0.007470130920410156
1.0,1.0,1.0,1.0,0.0,1.0,,S7_event_delayed,PCMCIPlus,6,0.13039636611938477
1.0,1.0,1.0,1.0,0.0,1.0,,S7_event_delayed,GETTER_One,7,0.1989295482635498
1.0,1.0,1.0,1.0,0.0,1.0,,S7_event_delayed,VAR_Granger,7,0.02656102180480957
1.0,1.0,1.0,1.0,1.0,,,S7_event_delayed,TransferEntropy,7,0.24671602249145508
1.0,,,,,,,S7_event_delayed,GraphLasso,7,0.08220767974853516
1.0,1.0,1.0,1.0,0.0,,,S7_event_delayed,EventXCorr,7,0.007427215576171875
1.0,1.0,1.0,1.0,0.0,1.0,,S7_event_delayed,PCMCIPlus,7,0.13317584991455078
1.0,1.0,1.0,1.0,0.0,1.0,,S7_event_delayed,GETTER_One,8,0.19823503494262695
1.0,1.0,1.0,1.0,0.0,1.0,,S7_event_delayed,VAR_Granger,8,0.02734971046447754
0.0,0.0,0.0,0.0,,,,S7_event_delayed,TransferEntropy,8,0.24517130851745605
0.6666666666666666,,,,,,,S7_event_delayed,GraphLasso,8,0.08257603645324707
1.0,1.0,1.0,1.0,0.0,,,S7_event_delayed,EventXCorr,8,0.007423877716064453
0.6666666666666666,0.6666666666666666,0.5,1.0,0.0,1.0,,S7_event_delayed,PCMCIPlus,8,0.14932703971862793
1.0,1.0,1.0,1.0,0.0,1.0,,S7_event_delayed,GETTER_One,9,0.19725680351257324
1.0,1.0,1.0,1.0,0.0,1.0,,S7_event_delayed,VAR_Granger,9,0.02743077278137207
0.0,0.0,0.0,0.0,,,,S7_event_delayed,TransferEntropy,9,0.24423623085021973
1.0,,,,,,,S7_event_delayed,GraphLasso,9,0.08325576782226562
1.0,1.0,1.0,1.0,0.0,,,S7_event_delayed,EventXCorr,9,0.007474660873413086
1.0,1.0,1.0,1.0,0.0,1.0,,S7_event_delayed,PCMCIPlus,9,0.15865254402160645
1.0,1.0,1.0,1.0,0.0,1.0,,S7_event_delayed,GETTER_One,10,0.2424607276916504
1.0,1.0,1.0,1.0,0.0,1.0,,S7_event_delayed,VAR_Granger,10,0.02789926528930664
0.0,0.0,0.0,0.0,,,,S7_event_delayed,TransferEntropy,10,0.2687077522277832
1.0,,,,,,,S7_event_delayed,GraphLasso,10,0.08848905563354492
0.6666666666666666,0.6666666666666666,0.5,1.0,0.0,,,S7_event_delayed,EventXCorr,10,0.007474184036254883
0.6666666666666666,0.6666666666666666,0.5,1.0,0.0,1.0,,S7_event_delayed,PCMCIPlus,10,0.11554884910583496
1.0,1.0,1.0,1.0,0.0,1.0,,S7_event_delayed,GETTER_One,11,0.20082640647888184
1.0,1.0,1.0,1.0,0.0,1.0,,S7_event_delayed,VAR_Granger,11,0.026759862899780273
0.0,0.0,0.0,0.0,,,,S7_event_delayed,TransferEntropy,11,0.24730134010314941
0.6666666666666666,,,,,,,S7_event_delayed,GraphLasso,11,0.08341407775878906
1.0,1.0,1.0,1.0,0.0,,,S7_event_delayed,EventXCorr,11,0.007501840591430664
1.0,1.0,1.0,1.0,0.0,1.0,,S7_event_delayed,PCMCIPlus,11,0.13713431358337402
1.0,1.0,1.0,1.0,0.0,1.0,,S7_event_delayed,GETTER_One,12,0.19942927360534668
1.0,1.0,1.0,1.0,0.0,1.0,,S7_event_delayed,VAR_Granger,12,0.028900861740112305
1.0,1.0,1.0,1.0,0.0,,,S7_event_delayed,TransferEntropy,12,0.268200159072876
1.0,,,,,,,S7_event_delayed,GraphLasso,12,0.07986140251159668
1.0,1.0,1.0,1.0,0.0,,,S7_event_delayed,EventXCorr,12,0.007465839385986328
1.0,1.0,1.0,1.0,0.0,1.0,,S7_event_delayed,PCMCIPlus,12,0.13625264167785645
1.0,1.0,1.0,1.0,0.0,1.0,,S7_event_delayed,GETTER_One,13,0.2012767791748047
1.0,1.0,1.0,1.0,0.0,1.0,,S7_event_delayed,VAR_Granger,13,0.026964902877807617
0.6666666666666666,0.5,0.3333333333333333,1.0,0.0,,,S7_event_delayed,TransferEntropy,13,0.24761462211608887
0.0,,,,,,,S7_event_delayed,GraphLasso,13,0.07588934898376465
0.6666666666666666,0.6666666666666666,0.5,1.0,0.0,,,S7_event_delayed,EventXCorr,13,0.007417201995849609
0.6666666666666666,0.6666666666666666,0.5,1.0,0.0,1.0,,S7_event_delayed,PCMCIPlus,13,0.15640735626220703
1.0,1.0,1.0,1.0,0.0,1.0,,S7_event_delayed,GETTER_One,14,0.19762492179870605
0.6666666666666666,0.6666666666666666,0.5,1.0,0.0,1.0,,S7_event_delayed,VAR_Granger,14,0.026844024658203125
0.0,0.0,0.0,0.0,,,,S7_event_delayed,TransferEntropy,14,0.24550104141235352
1.0,,,,,,,S7_event_delayed,GraphLasso,14,0.08101081848144531
0.6666666666666666,0.5,0.3333333333333333,1.0,0.0,,,S7_event_delayed,EventXCorr,14,0.007457733154296875
1.0,1.0,1.0,1.0,0.0,1.0,,S7_event_delayed,PCMCIPlus,14,0.1366732120513916
1.0,1.0,1.0,1.0,0.0,1.0,,S7_event_delayed,GETTER_One,15,0.19739747047424316
1.0,1.0,1.0,1.0,0.0,1.0,,S7_event_delayed,VAR_Granger,15,0.026803255081176758
0.0,0.0,0.0,0.0,,,,S7_event_delayed,TransferEntropy,15,0.24844980239868164
0.0,,,,,,,S7_event_delayed,GraphLasso,15,0.07941937446594238
1.0,1.0,1.0,1.0,0.0,,,S7_event_delayed,EventXCorr,15,0.007474422454833984
0.6666666666666666,0.6666666666666666,0.5,1.0,0.0,1.0,,S7_event_delayed,PCMCIPlus,15,0.12699222564697266
1.0,1.0,1.0,1.0,0.0,1.0,,S7_event_delayed,GETTER_One,16,0.19809770584106445
1.0,1.0,1.0,1.0,0.0,1.0,,S7_event_delayed,VAR_Granger,16,0.02722311019897461
1.0,1.0,1.0,1.0,0.0,,,S7_event_delayed,TransferEntropy,16,0.24516701698303223
0.0,,,,,,,S7_event_delayed,GraphLasso,16,0.07477807998657227
0.6666666666666666,0.6666666666666666,0.5,1.0,0.0,,,S7_event_delayed,EventXCorr,16,0.007405519485473633
0.6666666666666666,0.6666666666666666,0.5,1.0,0.0,1.0,,S7_event_delayed,PCMCIPlus,16,0.12514805793762207
1.0,1.0,1.0,1.0,0.0,1.0,,S7_event_delayed,GETTER_One,17,0.1988081932067871
0.6666666666666666,0.6666666666666666,0.5,1.0,0.0,1.0,,S7_event_delayed,VAR_Granger,17,0.02667999267578125
0.0,0.0,0.0,0.0,,,,S7_event_delayed,TransferEntropy,17,0.24673032760620117
0.0,,,,,,,S7_event_delayed,GraphLasso,17,0.07900786399841309
1.0,1.0,1.0,1.0,0.0,,,S7_event_delayed,EventXCorr,17,0.007428884506225586
1.0,1.0,1.0,1.0,0.0,1.0,,S7_event_delayed,PCMCIPlus,17,0.13757634162902832
1.0,1.0,1.0,1.0,0.0,1.0,,S7_event_delayed,GETTER_One,18,0.19868135452270508
1.0,1.0,1.0,1.0,0.0,1.0,,S7_event_delayed,VAR_Granger,18,0.026639699935913086
0.0,0.0,0.0,0.0,,,,S7_event_delayed,TransferEntropy,18,0.24701356887817383
1.0,,,,,,,S7_event_delayed,GraphLasso,18,0.08290982246398926
1.0,1.0,1.0,1.0,0.0,,,S7_event_delayed,EventXCorr,18,0.0074520111083984375
1.0,0.6666666666666666,0.5,1.0,0.0,1.0,,S7_event_delayed,PCMCIPlus,18,0.12450814247131348
1.0,1.0,1.0,1.0,0.0,1.0,,S7_event_delayed,GETTER_One,19,0.19797825813293457
1.0,1.0,1.0,1.0,0.0,1.0,,S7_event_delayed,VAR_Granger,19,0.026688575744628906
0.0,0.0,0.0,0.0,,,,S7_event_delayed,TransferEntropy,19,0.24599075317382812
0.6666666666666666,,,,,,,S7_event_delayed,GraphLasso,19,0.08320903778076172
0.5,0.5,0.3333333333333333,1.0,0.0,,,S7_event_delayed,EventXCorr,19,0.007436037063598633
1.0,1.0,1.0,1.0,0.0,1.0,,S7_event_delayed,PCMCIPlus,19,0.12789154052734375
1.0,1.0,1.0,1.0,0.0,1.0,,S8_event_asym,GETTER_One,0,0.19833683967590332
1.0,1.0,1.0,1.0,0.0,1.0,,S8_event_asym,VAR_Granger,0,0.026759862899780273
0.0,0.0,0.0,0.0,,,,S8_event_asym,TransferEntropy,0,0.24507355690002441
0.5,,,,,,,S8_event_asym,GraphLasso,0,0.08311867713928223
1.0,1.0,1.0,1.0,0.0,,,S8_event_asym,EventXCorr,0,0.007482767105102539
1.0,1.0,1.0,1.0,0.0,1.0,,S8_event_asym,PCMCIPlus,0,0.16273069381713867
1.0,1.0,1.0,1.0,0.0,1.0,,S8_event_asym,GETTER_One,1,0.19769978523254395
1.0,1.0,1.0,1.0,0.0,1.0,,S8_event_asym,VAR_Granger,1,0.025566577911376953
0.6666666666666666,0.0,0.0,0.0,,,,S8_event_asym,TransferEntropy,1,0.2493140697479248
1.0,,,,,,,S8_event_asym,GraphLasso,1,0.08426856994628906
0.6666666666666666,0.6666666666666666,0.5,1.0,1.0,,,S8_event_asym,EventXCorr,1,0.007393360137939453
0.6666666666666666,0.6666666666666666,0.5,1.0,0.0,1.0,,S8_event_asym,PCMCIPlus,1,0.17861652374267578
1.0,1.0,1.0,1.0,0.0,1.0,,S8_event_asym,GETTER_One,2,0.19784140586853027
1.0,1.0,1.0,1.0,0.0,1.0,,S8_event_asym,VAR_Granger,2,0.02816605567932129
0.5,0.0,0.0,0.0,,,,S8_event_asym,TransferEntropy,2,0.2459869384765625
0.5,,,,,,,S8_event_asym,GraphLasso,2,0.08298587799072266
0.5,0.5,0.3333333333333333,1.0,0.0,,,S8_event_asym,EventXCorr,2,0.007569313049316406
1.0,1.0,1.0,1.0,0.0,1.0,,S8_event_asym,PCMCIPlus,2,0.11825060844421387
1.0,1.0,1.0,1.0,0.0,1.0,,S8_event_asym,GETTER_One,3,0.2007431983947754
1.0,1.0,1.0,1.0,0.0,1.0,,S8_event_asym,VAR_Granger,3,0.027817726135253906
0.6666666666666666,0.0,0.0,0.0,,,,S8_event_asym,TransferEntropy,3,0.24810433387756348
1.0,,,,,,,S8_event_asym,GraphLasso,3,0.08351254463195801
0.0,0.0,0.0,0.0,,,,S8_event_asym,EventXCorr,3,0.0074884891510009766
1.0,1.0,1.0,1.0,0.0,1.0,,S8_event_asym,PCMCIPlus,3,0.13130640983581543
1.0,1.0,1.0,1.0,0.0,1.0,,S8_event_asym,GETTER_One,4,0.19848299026489258
1.0,1.0,1.0,1.0,0.0,1.0,,S8_event_asym,VAR_Granger,4,0.028326034545898438
0.5,0.0,0.0,0.0,,,,S8_event_asym,TransferEntropy,4,0.24645400047302246
0.6666666666666666,,,,,,,S8_event_asym,GraphLasso,4,0.0830526351928711
1.0,1.0,1.0,1.0,0.0,,,S8_event_asym,EventXCorr,4,0.009391546249389648
1.0,1.0,1.0,1.0,0.0,1.0,,S8_event_asym,PCMCIPlus,4,0.14441871643066406
1.0,1.0,1.0,1.0,0.0,1.0,,S8_event_asym,GETTER_One,5,0.19863557815551758
1.0,1.0,1.0,1.0,0.0,1.0,,S8_event_asym,VAR_Granger,5,0.028258323669433594
0.6666666666666666,0.6666666666666666,0.5,1.0,2.0,,,S8_event_asym,TransferEntropy,5,0.24588990211486816
1.0,,,,,,,S8_event_asym,GraphLasso,5,0.08534407615661621
1.0,1.0,1.0,1.0,0.0,,,S8_event_asym,EventXCorr,5,0.00756525993347168
1.0,1.0,1.0,1.0,0.0,1.0,,S8_event_asym,PCMCIPlus,5,0.1352682113647461
1.0,1.0,1.0,1.0,0.0,1.0,,S8_event_asym,GETTER_One,6,0.20416545867919922
1.0,1.0,1.0,1.0,0.0,1.0,,S8_event_asym,VAR_Granger,6,0.029155492782592773
0.6666666666666666,0.6666666666666666,0.5,1.0,1.0,,,S8_event_asym,TransferEntropy,6,0.250490665435791
0.5,,,,,,,S8_event_asym,GraphLasso,6,0.08590102195739746
1.0,1.0,1.0,1.0,0.0,,,S8_event_asym,EventXCorr,6,0.0075855255126953125
1.0,1.0,1.0,1.0,0.0,1.0,,S8_event_asym,PCMCIPlus,6,0.10801267623901367
1.0,1.0,1.0,1.0,0.0,1.0,,S8_event_asym,GETTER_One,7,0.20221757888793945
1.0,1.0,1.0,1.0,1.0,0.0,,S8_event_asym,VAR_Granger,7,0.0286867618560791
0.6666666666666666,0.5,0.3333333333333333,1.0,7.0,,,S8_event_asym,TransferEntropy,7,0.2503337860107422
0.5,,,,,,,S8_event_asym,GraphLasso,7,0.08721494674682617
0.5,0.5,0.3333333333333333,1.0,1.0,,,S8_event_asym,EventXCorr,7,0.007725954055786133
1.0,1.0,1.0,1.0,0.0,1.0,,S8_event_asym,PCMCIPlus,7,0.14655685424804688
1.0,1.0,1.0,1.0,0.0,1.0,,S8_event_asym,GETTER_One,8,0.1985466480255127
1.0,1.0,1.0,1.0,0.0,1.0,,S8_event_asym,VAR_Granger,8,0.028496980667114258
0.0,0.0,0.0,0.0,,,,S8_event_asym,TransferEntropy,8,0.21919512748718262
0.6666666666666666,,,,,,,S8_event_asym,GraphLasso,8,0.09767842292785645
1.0,1.0,1.0,1.0,0.0,,,S8_event_asym,EventXCorr,8,0.009279489517211914
1.0,1.0,1.0,1.0,0.0,1.0,,S8_event_asym,PCMCIPlus,8,0.15495944023132324
1.0,1.0,1.0,1.0,0.0,1.0,,S8_event_asym,GETTER_One,9,0.19684910774230957
1.0,1.0,1.0,1.0,0.0,1.0,,S8_event_asym,VAR_Granger,9,0.023384809494018555
1.0,1.0,1.0,1.0,6.0,,,S8_event_asym,TransferEntropy,9,0.20708727836608887
1.0,,,,,,,S8_event_asym,GraphLasso,9,0.0837869644165039
0.6666666666666666,0.6666666666666666,0.5,1.0,0.0,,,S8_event_asym,EventXCorr,9,0.0073850154876708984
0.6666666666666666,0.6666666666666666,0.5,1.0,0.0,1.0,,S8_event_asym,PCMCIPlus,9,0.13350200653076172
1.0,1.0,1.0,1.0,0.0,1.0,,S8_event_asym,GETTER_One,10,0.2012181282043457
1.0,1.0,1.0,1.0,0.0,1.0,,S8_event_asym,VAR_Granger,10,0.023539066314697266
1.0,0.0,0.0,0.0,,,,S8_event_asym,TransferEntropy,10,0.20725035667419434
0.5,,,,,,,S8_event_asym,GraphLasso,10,0.08540582656860352
0.6666666666666666,0.6666666666666666,0.5,1.0,0.0,,,S8_event_asym,EventXCorr,10,0.007463693618774414
1.0,1.0,1.0,1.0,0.0,1.0,,S8_event_asym,PCMCIPlus,10,0.16129088401794434
1.0,1.0,1.0,1.0,0.0,1.0,,S8_event_asym,GETTER_One,11,0.20090270042419434
1.0,1.0,1.0,1.0,0.0,1.0,,S8_event_asym,VAR_Granger,11,0.023203134536743164
0.0,0.0,0.0,0.0,,,,S8_event_asym,TransferEntropy,11,0.20808124542236328
1.0,,,,,,,S8_event_asym,GraphLasso,11,0.08299589157104492
0.6666666666666666,0.6666666666666666,0.5,1.0,0.0,,,S8_event_asym,EventXCorr,11,0.007405996322631836
0.6666666666666666,0.6666666666666666,0.5,1.0,0.0,1.0,,S8_event_asym,PCMCIPlus,11,0.12699604034423828
1.0,1.0,1.0,1.0,0.0,1.0,,S8_event_asym,GETTER_One,12,0.20012474060058594
1.0,1.0,1.0,1.0,0.0,1.0,,S8_event_asym,VAR_Granger,12,0.023673057556152344
1.0,1.0,1.0,1.0,0.0,,,S8_event_asym,TransferEntropy,12,0.21214532852172852
1.0,,,,,,,S8_event_asym,GraphLasso,12,0.0828547477722168
1.0,1.0,1.0,1.0,0.0,,,S8_event_asym,EventXCorr,12,0.007482767105102539
1.0,1.0,1.0,1.0,0.0,1.0,,S8_event_asym,PCMCIPlus,12,0.1333482265472412
1.0,1.0,1.0,1.0,0.0,1.0,,S8_event_asym,GETTER_One,13,0.19932341575622559
1.0,1.0,1.0,1.0,0.0,1.0,,S8_event_asym,VAR_Granger,13,0.02318406105041504
0.6666666666666666,0.0,0.0,0.0,,,,S8_event_asym,TransferEntropy,13,0.21100974082946777
0.5,,,,,,,S8_event_asym,GraphLasso,13,0.08231735229492188
0.6666666666666666,0.6666666666666666,0.5,1.0,0.0,,,S8_event_asym,EventXCorr,13,0.0074880123138427734
1.0,1.0,1.0,1.0,0.0,1.0,,S8_event_asym,PCMCIPlus,13,0.13182544708251953
1.0,1.0,1.0,1.0,0.0,1.0,,S8_event_asym,GETTER_One,14,0.19831585884094238
1.0,1.0,1.0,1.0,0.0,1.0,,S8_event_asym,VAR_Granger,14,0.02350449562072754
0.0,0.0,0.0,0.0,,,,S8_event_asym,TransferEntropy,14,0.20999860763549805
1.0,,,,,,,S8_event_asym,GraphLasso,14,0.08251404762268066
1.0,1.0,1.0,1.0,0.0,,,S8_event_asym,EventXCorr,14,0.007569074630737305
1.0,1.0,1.0,1.0,0.0,1.0,,S8_event_asym,PCMCIPlus,14,0.13991379737854004
1.0,1.0,1.0,1.0,0.0,1.0,,S8_event_asym,GETTER_One,15,0.19939541816711426
1.0,1.0,1.0,1.0,0.0,1.0,,S8_event_asym,VAR_Granger,15,0.023021221160888672
0.0,0.0,0.0,0.0,,,,S8_event_asym,TransferEntropy,15,0.20795130729675293
0.5,,,,,,,S8_event_asym,GraphLasso,15,0.08450865745544434
0.6666666666666666,0.6666666666666666,0.5,1.0,1.0,,,S8_event_asym,EventXCorr,15,0.007632255554199219
1.0,1.0,1.0,1.0,0.0,1.0,,S8_event_asym,PCMCIPlus,15,0.15068483352661133
1.0,1.0,1.0,1.0,0.0,1.0,,S8_event_asym,GETTER_One,16,0.19698023796081543
1.0,1.0,1.0,1.0,0.0,1.0,,S8_event_asym,VAR_Granger,16,0.02297377586364746
0.5,0.0,0.0,0.0,,,,S8_event_asym,TransferEntropy,16,0.20964431762695312
0.5,,,,,,,S8_event_asym,GraphLasso,16,0.08667778968811035
1.0,1.0,1.0,1.0,0.0,,,S8_event_asym,EventXCorr,16,0.007635831832885742
0.6666666666666666,0.6666666666666666,0.5,1.0,0.0,1.0,,S8_event_asym,PCMCIPlus,16,0.12300515174865723
1.0,1.0,1.0,1.0,0.0,1.0,,S8_event_asym,GETTER_One,17,0.19887018203735352
0.6666666666666666,0.6666666666666666,0.5,1.0,0.0,1.0,,S8_event_asym,VAR_Granger,17,0.023495197296142578
0.5,0.4,0.25,1.0,7.0,,,S8_event_asym,TransferEntropy,17,0.2073068618774414
0.5,,,,,,,S8_event_asym,GraphLasso,17,0.08385109901428223
0.6666666666666666,0.6666666666666666,0.5,1.0,0.0,,,S8_event_asym,EventXCorr,17,0.0074656009674072266
0.6666666666666666,0.6666666666666666,0.5,1.0,0.0,1.0,,S8_event_asym,PCMCIPlus,17,0.1254415512084961
1.0,1.0,1.0,1.0,0.0,1.0,,S8_event_asym,GETTER_One,18,0.19912433624267578
1.0,1.0,1.0,1.0,0.0,1.0,,S8_event_asym,VAR_Granger,18,0.023630619049072266
0.0,0.0,0.0,0.0,,,,S8_event_asym,TransferEntropy,18,0.2082054615020752
1.0,,,,,,,S8_event_asym,GraphLasso,18,0.08353018760681152
1.0,0.6666666666666666,0.5,1.0,0.0,,,S8_event_asym,EventXCorr,18,0.007359743118286133
1.0,1.0,1.0,1.0,0.0,1.0,,S8_event_asym,PCMCIPlus,18,0.15726542472839355
1.0,1.0,1.0,1.0,0.0,1.0,,S8_event_asym,GETTER_One,19,0.19872617721557617
1.0,1.0,1.0,1.0,0.0,1.0,,S8_event_asym,VAR_Granger,19,0.023308992385864258
0.0,0.0,0.0,0.0,,,,S8_event_asym,TransferEntropy,19,0.2090740203857422
1.0,,,,,,,S8_event_asym,GraphLasso,19,0.08387112617492676
1.0,1.0,1.0,1.0,1.0,,,S8_event_asym,EventXCorr,19,0.007413387298583984
1.0,1.0,1.0,1.0,0.0,1.0,,S8_event_asym,PCMCIPlus,19,0.11342120170593262
